{
  "version": "1.0",
  "defaultProvider": "unpkg",
  "libraries": [
    {
      "provider": "unpkg",
      "library": "jquery@3.7.1",
      "destination": "wwwroot/lib/jquery-libman/",
      "files": [
        "dist/jquery.min.js"
      ]
    },
    {
      "provider": "unpkg",
      "library": "bootstrap@5.3.2",
      "destination": "wwwroot/lib/bootstrap-libman/",
      "files": [
        "dist/js/bootstrap.bundle.min.js",
        "dist/css/bootstrap.min.css"
      ]
    },
    {
      "provider": "cdnjs",
      "library": "font-awesome@6.5.0",
      "destination": "wwwroot/lib/font-awesome-libman/",
      "files": [
        "css/all.min.css",
        "webfonts/fa-solid-900.woff2",
        "webfonts/fa-solid-900.ttf"
      ]
    },
    {
      "provider": "unpkg",
      "library": "toastr@2.1.4",
      "destination": "wwwroot/lib/toastr-libman/",
      "files": [
        "build/toastr.min.css",
        "build/toastr.min.js"
      ]
    },
    {
      "provider": "unpkg",
      "library": "filepond@4.32.6",
      "destination": "wwwroot/lib/filepond-libman/",
      "files": [
        "dist/filepond.min.css",
        "dist/filepond.min.js"
      ]
    },
    {
      "provider":  "cdnjs",
      "library": "jquery-loading-overlay@2.1.7",
      "destination": "wwwroot/lib/jquery-loading-overlay-libman/"
    },
    {
      "provider": "unpkg",
      "library": "filepond-plugin-file-validate-type@1.2.9",
      "destination": "wwwroot/lib/filepond-plugin-file-validate-type-libman/",
      "files": [
        "dist/filepond-plugin-file-validate-type.min.js"
      ]
    },
    {
      "provider": "unpkg",
      "library": "jquery-validation@1.21.0",
      "destination": "wwwroot/lib/jquery-validation-libman/",
      "files": [
        "dist/jquery.validate.min.js",
        "dist/additional-methods.min.js"
      ]
    },
    {
      "provider": "unpkg",
      "library": "jquery-validation-unobtrusive@4.0.0",
      "destination": "wwwroot/lib/jquery-validation-unobtrusive-libman/",
      "files": [
        "dist/jquery.validate.unobtrusive.min.js"
      ]
    },
    {
      "provider": "unpkg",
      "library": "tabulator-tables@6.3.0",
      "destination": "wwwroot/lib/tabulator-libman/",
      "files": [
        "dist/css/tabulator_bootstrap4.min.css",
        "dist/js/tabulator.min.js"
      ]
    },
    {
      "provider": "cdnjs",
      "library": "jquery-ajax-unobtrusive@3.2.6",
      "destination": "wwwroot/lib/jquery-ajax-unobtrusive-libman/",
      "files": [
        "jquery.unobtrusive-ajax.min.js"
      ]
    },
    {
      "provider": "unpkg",
      "library": "@openfonts/open-sans_all@1.44.2",
      "destination": "wwwroot/lib/@openfonts-libman/open-sans_all/",
      "files": [
        "index.css",
        "files/open-sans-all-300-italic.woff2",
        "files/open-sans-all-300.woff2",
        "files/open-sans-all-400-italic.woff2",
        "files/open-sans-all-400.woff2",
        "files/open-sans-all-600-italic.woff2",
        "files/open-sans-all-600.woff2",
        "files/open-sans-all-700-italic.woff2",
        "files/open-sans-all-700.woff2",
        "files/open-sans-all-800-italic.woff2",
        "files/open-sans-all-800.woff2"
      ]
    },
    {
      "provider": "unpkg",
      "library": "@openfonts/roboto-mono_all@1.44.0",
      "destination": "wwwroot/lib/@openfonts-libman/roboto-mono_all/",
      "files": [
        "index.css",
        "files/roboto-mono-all-100-italic.woff2",
        "files/roboto-mono-all-100.woff2",
        "files/roboto-mono-all-300-italic.woff2",
        "files/roboto-mono-all-300.woff2",
        "files/roboto-mono-all-400-italic.woff2",
        "files/roboto-mono-all-400.woff2",
        "files/roboto-mono-all-500-italic.woff2",
        "files/roboto-mono-all-500.woff2",
        "files/roboto-mono-all-700-italic.woff2",
        "files/roboto-mono-all-700.woff2"
      ]
    },
    {
      "provider": "cdnjs",
      "library": "bootstrap-table@1.21.1",
      "destination": "wwwroot/lib/bootstrap-table-libman/",
      "files": [
        "bootstrap-table.min.css",
        "bootstrap-table.min.js"
      ]
    },
    {
      "provider": "unpkg",
      "library": "@openfonts/montserrat_all@1.44.2",
      "destination": "wwwroot/lib/@openfonts-libman/montserrat_all/",
      "files": [
        "index.css",
        "files/montserrat-all-100.woff2",
        "files/montserrat-all-100-italic.woff2",
        "files/montserrat-all-200.woff2",
        "files/montserrat-all-200-italic.woff2",
        "files/montserrat-all-300.woff2",
        "files/montserrat-all-300-italic.woff2",
        "files/montserrat-all-400.woff2",
        "files/montserrat-all-400-italic.woff2",
        "files/montserrat-all-500.woff2",
        "files/montserrat-all-500-italic.woff2",
        "files/montserrat-all-600.woff2",
        "files/montserrat-all-600-italic.woff2",
        "files/montserrat-all-700.woff2",
        "files/montserrat-all-700-italic.woff2",
        "files/montserrat-all-800.woff2",
        "files/montserrat-all-800-italic.woff2",
        "files/montserrat-all-900.woff2",
        "files/montserrat-all-900-italic.woff2"
      ]
    },
    {
      "provider": "unpkg",
      "library": "@openfonts/oswald_all@1.44.5",
      "destination": "wwwroot/lib/@openfonts-libman/oswald_all/",
      "files": [
        "index.css",
        "files/oswald-all-200.woff2",
        "files/oswald-all-300.woff2",
        "files/oswald-all-400.woff2",
        "files/oswald-all-500.woff2",
        "files/oswald-all-600.woff2",
        "files/oswald-all-700.woff2"
      ]
    }
  ]
}