{
  "version": "1.0",
  "defaultProvider": "cdnjs",
  "libraries": [
    {
      "library": "tabulator@6.3.0",
      "destination": "wwwroot/lib/tabulator/"
    },
    {
      "library": "jquery-loading-overlay@2.1.7",
      "destination": "wwwroot/lib/jquery-loading-overlay/"
    },
    {
      "provider": "jsdelivr",
      "library": "filepond-plugin-file-validate-type@1.2.6",
      "destination": "wwwroot/lib/filepond-plugin-file-validate-type/"
    },
    {
      "library": "toastr.js@2.1.4",
      "destination": "wwwroot/lib/toastr.js/"
    },
    {
      "library": "jquery-ajax-unobtrusive@3.2.6",
      "destination": "wwwroot/lib/jquery-ajax-unobtrusive/"
    },
    {
      "library": "bootstrap-table@1.21.1",
      "destination": "wwwroot/lib/bootstrap-table/",
      "files": [
        "bootstrap-table.min.js",
        "bootstrap-table.min.css"
      ]
    },
    {
      "library": "filepond@4.32.6",
      "destination": "wwwroot/lib/filepond/"
    },
    {
      "library": "font-awesome@6.2.0",
      "destination": "wwwroot/lib/font-awesome/"
    },
    {
      "provider": "jsdelivr",
      "library": "jquery-validation@1.21.0",
      "destination": "wwwroot/lib/jquery-validation/",
      "files": [
        "dist/jquery.validate.js",
        "dist/jquery.validate.min.js",
        "dist/additional-methods.min.js",
        "dist/additional-methods.js"
      ]
    },
    {
      "provider": "cdnjs",
      "library": "jquery-validation-unobtrusive@4.0.0",
      "destination": "wwwroot/lib/jquery-validation-unobtrusive/"
    }
  ]
}